iter,train_loss,val_ce,val_acc,lm_head_grad
0,4.345627784729004,4.321692705154419,0.0126953125,0.6897103190422058
300,2.428967237472534,2.3494777631759645,0.31884765625,0.3235618770122528
600,2.176461696624756,2.162018165588379,0.36453125,0.29697945713996887
900,2.068850040435791,2.0593376898765565,0.389921875,0.3522195518016815
1200,1.8181886672973633,1.9855931901931763,0.4114453125,0.36415794491767883
1500,1.7633029222488403,1.9403895258903503,0.4233984375,0.29791736602783203
1800,1.8138278722763062,1.8939984011650086,0.437421875,0.3163284361362457
2100,1.6758394241333008,1.888070092201233,0.43693359375,0.3752807378768921
2400,1.7110342979431152,1.859437644481659,0.445234375,0.411362886428833
2700,1.776120901107788,1.8123615431785582,0.46072265625,0.32193368673324585
3000,1.7030234336853027,1.8222995686531067,0.46205078125,0.28119635581970215
